<?xml version="1.0"?>
<pagescount>
	<html_total>10</html_total>
	<html_done>1</html_done>
	<images/>
	<script/>
	<css>5</css>
	<pdf/>
	<documents/>
	<excel/>
	<powerpoint/>
	<flash/>
	<audios/>
	<videos/>
	<xml/>
	<json/>
	<txt/>
	<autocad/>
	<model_3d/>
	<fonts>2</fonts>
	<scraping_reload>1</scraping_reload>
	<is_pretty_url>false</is_pretty_url>
	<has_trailing_slash>false</has_trailing_slash>
	<is_ebn>false</is_ebn>
	<email>merdekasusy17@gmail.com</email>
	<theme_name>WmdTheme851259</theme_name>
	<server_url_front_page>https://www6.waybackmachinedownloader.com/wdo/files/demo/gotopup.id_merdekasusy17_gmail.com_mzn4zpxkxx/</server_url_front_page>
	<no_www_url>gotopup.id</no_www_url>
	<hosted_domain/>
	<original_archive_url>https://gotopup.id/id/fc-mobile</original_archive_url>
	<final_archive_url>https://gotopup.id/id/fc-mobile</final_archive_url>
	<front_page_code_date/>
	<total_urls_from_api/>
	<max_reached_live>false</max_reached_live>
	<scrape_other_captures>false</scrape_other_captures>
	<total_size>8</total_size>
</pagescount>
